{"airplain": {"raw": [{"changed": 2, "pnsr": 53.64919526777073, "mat_max_diff": 1.0, "restored_img": true, "restored_mess": false, "restored_count": 672, "restored_percent": 65.625, "mess_len": 1024, "t": 1, "block_size": 16, "image_size": 512, "total_cap": 1024, "side_info_size": 120448, "bits_overcap": 117.625, "time_embedding": 0.1347055435180664, "time_extracting": 0.11066675186157227, "error_function": 0.7165421019552328}], "avr": {}}, "tank": {"raw": [{"changed": 2, "pnsr": 49.8050791341598, "mat_max_diff": 1.0, "restored_img": true, "restored_mess": false, "restored_count": 808, "restored_percent": 78.90625, "mess_len": 1024, "t": 1, "block_size": 16, "image_size": 512, "total_cap": 1024, "side_info_size": 93440, "bits_overcap": 91.25, "time_embedding": 0.12109375, "time_extracting": 0.12786483764648438, "error_function": 0.6125028891538287}], "avr": {}}, "lena": {"raw": [{"changed": 2, "pnsr": 51.91532439349692, "mat_max_diff": 1.0, "restored_img": true, "restored_mess": false, "restored_count": 707, "restored_percent": 69.04296875, "mess_len": 1024, "t": 1, "block_size": 16, "image_size": 512, "total_cap": 1024, "side_info_size": 111232, "bits_overcap": 108.625, "time_embedding": 0.1341862678527832, "time_extracting": 0.12514138221740723, "error_function": 0.6948129432882024}], "avr": {}}, "boat": {"raw": [{"changed": 2, "pnsr": 48.84866455721571, "mat_max_diff": 1.0, "restored_img": true, "restored_mess": false, "restored_count": 778, "restored_percent": 75.9765625, "mess_len": 1024, "t": 1, "block_size": 16, "image_size": 512, "total_cap": 1024, "side_info_size": 97408, "bits_overcap": 95.125, "time_embedding": 0.140488862991333, "time_extracting": 0.1369011402130127, "error_function": 0.6496620653373151}], "avr": {}}, "female": {"raw": [{"changed": 2, "pnsr": 55.75828975604003, "mat_max_diff": 1.0, "restored_img": true, "restored_mess": false, "restored_count": 568, "restored_percent": 55.46875, "mess_len": 1024, "t": 1, "block_size": 16, "image_size": 512, "total_cap": 1024, "side_info_size": 130944, "bits_overcap": 127.875, "time_embedding": 0.13159561157226562, "time_extracting": 0.12857651710510254, "error_function": 0.8040034946592031}], "avr": {}}, "baboon": {"raw": [{"changed": 2, "pnsr": 44.5158899338432, "mat_max_diff": 1.0, "restored_img": true, "restored_mess": false, "restored_count": 854, "restored_percent": 83.3984375, "mess_len": 1024, "t": 1, "block_size": 16, "image_size": 512, "total_cap": 1024, "side_info_size": 80768, "bits_overcap": 78.875, "time_embedding": 0.13550424575805664, "time_extracting": 0.13788223266601562, "error_function": 0.6152932994876049}], "avr": {}}}