{"airplain": {"raw": [{"changed": 2, "pnsr": 53.64919526777073, "mat_max_diff": 1.0, "restored_img": true, "restored_mess": false, "restored_count": 672, "restored_percent": 65.625, "mess_len": 1024, "t": 1, "block_size": 16, "image_size": 512, "total_cap": 1024, "side_info_size": 120433, "bits_overcap": 117.6103515625, "time_embedding": 0.12932848930358887, "time_extracting": 0.1130979061126709, "error_function": 0.7165421019552328}], "avr": {}}, "tank": {"raw": [{"changed": 2, "pnsr": 49.8050791341598, "mat_max_diff": 1.0, "restored_img": true, "restored_mess": false, "restored_count": 808, "restored_percent": 78.90625, "mess_len": 1024, "t": 1, "block_size": 16, "image_size": 512, "total_cap": 1024, "side_info_size": 93508, "bits_overcap": 91.31640625, "time_embedding": 0.11732292175292969, "time_extracting": 0.12602877616882324, "error_function": 0.6125028891538287}], "avr": {}}, "lena": {"raw": [{"changed": 2, "pnsr": 51.91532439349692, "mat_max_diff": 1.0, "restored_img": true, "restored_mess": false, "restored_count": 707, "restored_percent": 69.04296875, "mess_len": 1024, "t": 1, "block_size": 16, "image_size": 512, "total_cap": 1024, "side_info_size": 111252, "bits_overcap": 108.64453125, "time_embedding": 0.134657621383667, "time_extracting": 0.12970685958862305, "error_function": 0.6948129432882024}], "avr": {}}, "boat": {"raw": [{"changed": 2, "pnsr": 48.84866455721571, "mat_max_diff": 1.0, "restored_img": true, "restored_mess": false, "restored_count": 778, "restored_percent": 75.9765625, "mess_len": 1024, "t": 1, "block_size": 16, "image_size": 512, "total_cap": 1024, "side_info_size": 97471, "bits_overcap": 95.1865234375, "time_embedding": 0.1523606777191162, "time_extracting": 0.13787364959716797, "error_function": 0.6496620653373151}], "avr": {}}, "female": {"raw": [{"changed": 2, "pnsr": 55.75828975604003, "mat_max_diff": 1.0, "restored_img": true, "restored_mess": false, "restored_count": 568, "restored_percent": 55.46875, "mess_len": 1024, "t": 1, "block_size": 16, "image_size": 512, "total_cap": 1024, "side_info_size": 130837, "bits_overcap": 127.7705078125, "time_embedding": 0.13280987739562988, "time_extracting": 0.12693476676940918, "error_function": 0.8040034946592031}], "avr": {}}, "baboon": {"raw": [{"changed": 2, "pnsr": 44.5158899338432, "mat_max_diff": 1.0, "restored_img": true, "restored_mess": false, "restored_count": 854, "restored_percent": 83.3984375, "mess_len": 1024, "t": 1, "block_size": 16, "image_size": 512, "total_cap": 1024, "side_info_size": 80852, "bits_overcap": 78.95703125, "time_embedding": 0.13162565231323242, "time_extracting": 0.12379026412963867, "error_function": 0.6152932994876049}], "avr": {}}}