{"airplain": {"raw": [{"changed": 940, "pnsr": 53.64919526777073, "mat_max_diff": 1.0, "restored_img": true, "restored_mess": false, "restored_count": 672, "restored_percent": 65.625, "mess_len": 1024, "t": 1, "block_size": 16, "image_size": 512, "total_cap": 1024, "side_info_size": 135360, "bits_overcap": 132.1875, "time_embedding": 0.11350488662719727, "time_extracting": 0.10711431503295898, "error_function": 0.7165421019552328}], "avr": {}}, "tank": {"raw": [{"changed": 729, "pnsr": 49.8050791341598, "mat_max_diff": 1.0, "restored_img": true, "restored_mess": false, "restored_count": 808, "restored_percent": 78.90625, "mess_len": 1024, "t": 1, "block_size": 16, "image_size": 512, "total_cap": 1024, "side_info_size": 104976, "bits_overcap": 102.515625, "time_embedding": 0.13967442512512207, "time_extracting": 0.14198541641235352, "error_function": 0.6125028891538287}], "avr": {}}, "lena": {"raw": [{"changed": 868, "pnsr": 51.91532439349692, "mat_max_diff": 1.0, "restored_img": true, "restored_mess": false, "restored_count": 707, "restored_percent": 69.04296875, "mess_len": 1024, "t": 1, "block_size": 16, "image_size": 512, "total_cap": 1024, "side_info_size": 124992, "bits_overcap": 122.0625, "time_embedding": 0.14771270751953125, "time_extracting": 0.14112567901611328, "error_function": 0.6948129432882024}], "avr": {}}, "boat": {"raw": [{"changed": 760, "pnsr": 48.84866455721571, "mat_max_diff": 1.0, "restored_img": true, "restored_mess": false, "restored_count": 778, "restored_percent": 75.9765625, "mess_len": 1024, "t": 1, "block_size": 16, "image_size": 512, "total_cap": 1024, "side_info_size": 109440, "bits_overcap": 106.875, "time_embedding": 0.14542293548583984, "time_extracting": 0.14505743980407715, "error_function": 0.6496620653373151}], "avr": {}}, "female": {"raw": [{"changed": 1022, "pnsr": 55.75828975604003, "mat_max_diff": 1.0, "restored_img": true, "restored_mess": false, "restored_count": 568, "restored_percent": 55.46875, "mess_len": 1024, "t": 1, "block_size": 16, "image_size": 512, "total_cap": 1024, "side_info_size": 147168, "bits_overcap": 143.71875, "time_embedding": 0.1304183006286621, "time_extracting": 0.12511444091796875, "error_function": 0.8040034946592031}], "avr": {}}, "baboon": {"raw": [{"changed": 630, "pnsr": 44.5158899338432, "mat_max_diff": 1.0, "restored_img": true, "restored_mess": false, "restored_count": 854, "restored_percent": 83.3984375, "mess_len": 1024, "t": 1, "block_size": 16, "image_size": 512, "total_cap": 1024, "side_info_size": 90720, "bits_overcap": 88.59375, "time_embedding": 0.13012933731079102, "time_extracting": 0.12525439262390137, "error_function": 0.6152932994876049}], "avr": {}}}